provincia,provincia
Misiones,Misiones
San Luis,San Luis
SanLuis,San Luis
San Juan,San Juan
SanJuan,San Juan
Entre Ríos,Entre Ríos
Entre Rios,Entre Ríos
EntreRíos,Entre Ríos
EntreRios,Entre Ríos
Santa Cruz,Santa Cruz
SantaCruz,Santa Cruz
Río Negro,Río Negro
Rio Negro,Río Negro
RíoNegro,Río Negro
RioNegro,Río Negro
Chubut,Chubut
Córdoba,Córdoba
Cordoba,Córdoba
Mendoza,Mendoza
La Rioja,La Rioja
LaRioja,La Rioja
Catamarca,Catamarca
La Pampa,La Pampa
LaPampa,La Pampa
Santiago del Estero,Santiago del Estero
SantiagodelEstero,Santiago del Estero
Santiago delEstero,Santiago del Estero
Santiagodel Estero,Santiago del Estero
Corrientes,Corrientes
Santa Fe,Santa Fe
Tucumán,Tucumán
Tucuman,Tucumán
Neuquén,Neuquén
Neuquen,Neuquén
Salta,Salta
Chaco,Chaco
Formosa,Formosa
Jujuy,Jujuy
Ciudad de Buenos Aires,Ciudad de Buenos Aires
CiudaddeBuenosAires,Ciudad de Buenos Aires
CiudaddeBuenos Aires,Ciudad de Buenos Aires
Ciudad de BuenosAires,Ciudad de Buenos Aires
Ciudadde Buenos Aires,Ciudad de Buenos Aires
Ciudad deBuenos Aires,Ciudad de Buenos Aires
CABA,Ciudad de Buenos Aires
Capital,Ciudad de Buenos Aires
C.A.B.A,Ciudad de Buenos Aires
Ciudad Autonoma Buenos Aires,Ciudad de Buenos Aires
Ciudad Autónoma Buenos Aires,Ciudad de Buenos Aires
Buenos Aires,Buenos Aires
ProvinciadeBuenosAires,Buenos Aires
Provinciade Buenos Aires,Buenos Aires
Provincia deBuenos Aires,Buenos Aires
Provincia de BuenosAires,Buenos Aires
Provincia deBuenosAires,Buenos Aires
Provinciade BuenosAires,Buenos Aires
Tierra del Fuego,Tierra del Fuego
Tierra del Fuego Atlantico Sur,Tierra del Fuego
